day,run,block,trial,block_type,base_path,top_correct,bottom_left,bottom_right,bottom_correct_match,trial_index,block_number,trial_in_block,is_face_block,block_onset,stimonset,respsec,responsecorr,key_code,keypress_timestamp,isi_seconds,trigger_timestamp,accuracy,screenX,screenY,source_csv_path
17,2,1,1,fem_hap,stimuli_images/faces,CFD/WF-039/CFD-WF-039-008-HC_cropped.jpg,CFD/WF-016/CFD-WF-016-017-HC_cropped.jpg,CFD/WF-039/CFD-WF-039-008-HC_cropped.jpg,right,1,1,1,1,1779661593.34374,1779661596.34173,0,NaN,NaN,NaN,2,1779661593.31784,0.975,1680,1050,/home/lewislab/Documents/stimuli/cycles/stimuli_varia/face_stim/trial_list_local.csv
17,2,1,2,fem_hap,stimuli_images/faces,CFD/BF-051/CFD-BF-051-037-HO_cropped.jpg,CFD/BF-051/CFD-BF-051-037-HO_cropped.jpg,CFD/WF-010/CFD-WF-010-006-HO_cropped.jpg,left,2,1,2,1,1779661593.34374,1779661602.33773,1.08896040916443,1,11,1779661603.42669,6,1779661593.31784,0.975,1680,1050,/home/lewislab/Documents/stimuli/cycles/stimuli_varia/face_stim/trial_list_local.csv
17,2,1,3,fem_hap,stimuli_images/faces,RADIATE_COLOR_8/WF02/WF02_HO.bmp,RADIATE_COLOR_8/WF02/WF02_HO.bmp,RADIATE_COLOR_1/AF08/AF08_HO.bmp,left,3,1,3,1,1779661593.34374,1779661612.33106,0.958209753036499,1,11,1779661613.28927,2,1779661593.31784,0.975,1680,1050,/home/lewislab/Documents/stimuli/cycles/stimuli_varia/face_stim/trial_list_local.csv
17,2,1,4,fem_hap,stimuli_images/faces,RADIATE_COLOR_4/BF14/BF14_HE.bmp,RADIATE_COLOR_9/WF10/WF10_HE.bmp,RADIATE_COLOR_4/BF14/BF14_HE.bmp,right,4,1,4,1,1779661593.34374,1779661618.32705,1.23119711875916,1,12,1779661619.55825,6,1779661593.31784,0.975,1680,1050,/home/lewislab/Documents/stimuli/cycles/stimuli_varia/face_stim/trial_list_local.csv
17,2,1,5,fem_hap,stimuli_images/faces,RADIATE_COLOR_9/WF07/WF07_HC.bmp,RADIATE_COLOR_9/WF10/WF10_HC.bmp,RADIATE_COLOR_9/WF07/WF07_HC.bmp,right,5,1,5,1,1779661593.34374,1779661628.32038,1.26265096664429,1,12,1779661629.58303,4,1779661593.31784,0.975,1680,1050,/home/lewislab/Documents/stimuli/cycles/stimuli_varia/face_stim/trial_list_local.csv
17,2,2,1,shape,shapes_output,kite_small.png,kite_small.png,chevron_right_small.png,left,6,2,1,0,1779661636.31504,1779661639.31304,1.47058248519897,1,11,1779661640.78362,2,1779661593.31784,0.975,1680,1050,/home/lewislab/Documents/stimuli/cycles/stimuli_varia/face_stim/trial_list_local.csv
17,2,2,2,shape,shapes_output,right_triangle_xxlarge.png,right_triangle_xxlarge.png,chevron_right_xxlarge.png,left,7,2,2,0,1779661636.31504,1779661645.30904,1.54086399078369,1,11,1779661646.8499,2,1779661593.31784,0.975,1680,1050,/home/lewislab/Documents/stimuli/cycles/stimuli_varia/face_stim/trial_list_local.csv
17,2,2,3,shape,shapes_output,oval_tilt315_xxlarge.png,star_xxlarge.png,oval_tilt315_xxlarge.png,right,8,2,3,0,1779661636.31504,1779661651.30503,0.845408201217651,1,12,1779661652.15044,2,1779661593.31784,0.975,1680,1050,/home/lewislab/Documents/stimuli/cycles/stimuli_varia/face_stim/trial_list_local.csv
17,2,2,4,shape,shapes_output,rect_tall_small.png,rect_tall_small.png,oval_tall_small.png,left,9,2,4,0,1779661636.31504,1779661657.30103,0.717086791992188,1,11,1779661658.01812,2,1779661593.31784,0.975,1680,1050,/home/lewislab/Documents/stimuli/cycles/stimuli_varia/face_stim/trial_list_local.csv
17,2,2,5,shape,shapes_output,right_triangle_small.png,kite_small.png,right_triangle_small.png,right,10,2,5,0,1779661636.31504,1779661663.29703,0.734310388565063,1,12,1779661664.03134,2,1779661593.31784,0.975,1680,1050,/home/lewislab/Documents/stimuli/cycles/stimuli_varia/face_stim/trial_list_local.csv
17,2,3,1,mal_hap,stimuli_images/faces,CFD/BM-034/CFD-BM-034-033-HO_cropped.jpg,CFD/BM-034/CFD-BM-034-033-HO_cropped.jpg,CFD/BM-002/CFD-BM-002-007-HO_cropped.jpg,left,11,3,1,1,1779661669.29302,1779661672.29102,1.22518086433411,1,11,1779661673.5162,2,1779661593.31784,0.975,1680,1050,/home/lewislab/Documents/stimuli/cycles/stimuli_varia/face_stim/trial_list_local.csv
17,2,3,2,mal_hap,stimuli_images/faces,RADIATE_COLOR_6/BM16/BM16_HO.bmp,RADIATE_COLOR_5/BM06/BM06_HO.bmp,RADIATE_COLOR_6/BM16/BM16_HO.bmp,right,12,3,2,1,1779661669.29302,1779661678.28702,0.965281963348389,1,12,1779661679.2523,4,1779661593.31784,0.975,1680,1050,/home/lewislab/Documents/stimuli/cycles/stimuli_varia/face_stim/trial_list_local.csv
17,2,3,3,mal_hap,stimuli_images/faces,CFD/WM-028/CFD-WM-028-005-HC_cropped.jpg,CFD/WM-033/CFD-WM-033-006-HC_cropped.jpg,CFD/WM-028/CFD-WM-028-005-HC_cropped.jpg,right,13,3,3,1,1779661669.29302,1779661686.28168,0.901452541351318,1,12,1779661687.18313,6,1779661593.31784,0.975,1680,1050,/home/lewislab/Documents/stimuli/cycles/stimuli_varia/face_stim/trial_list_local.csv
17,2,3,4,mal_hap,stimuli_images/faces,RADIATE_COLOR_5/BM09/BM09_HE.bmp,RADIATE_COLOR_10/WM13/WM13_HE.bmp,RADIATE_COLOR_5/BM09/BM09_HE.bmp,right,14,3,4,1,1779661669.29302,1779661696.27501,1.75890469551086,1,12,1779661698.03391,6,1779661593.31784,0.975,1680,1050,/home/lewislab/Documents/stimuli/cycles/stimuli_varia/face_stim/trial_list_local.csv
17,2,3,5,mal_hap,stimuli_images/faces,RADIATE_COLOR_10/WM10/WM10_HC.bmp,RADIATE_COLOR_5/BM11/BM11_HC.bmp,RADIATE_COLOR_10/WM10/WM10_HC.bmp,right,15,3,5,1,1779661669.29302,1779661706.26833,1.00060248374939,1,12,1779661707.26893,2,1779661593.31784,0.975,1680,1050,/home/lewislab/Documents/stimuli/cycles/stimuli_varia/face_stim/trial_list_local.csv
17,2,4,1,shape,shapes_output,oval_tilt315_large.png,oval_tilt315_large.png,pentagon_small.png,left,16,4,1,0,1779661712.26433,1779661715.26233,0.654831886291504,1,11,1779661715.91716,2,1779661593.31784,0.975,1680,1050,/home/lewislab/Documents/stimuli/cycles/stimuli_varia/face_stim/trial_list_local.csv
17,2,4,2,shape,shapes_output,arrow_right_large.png,rect_tall_large.png,arrow_right_large.png,right,17,4,2,0,1779661712.26433,1779661721.25832,0.822062015533447,1,12,1779661722.08038,2,1779661593.31784,0.975,1680,1050,/home/lewislab/Documents/stimuli/cycles/stimuli_varia/face_stim/trial_list_local.csv
17,2,4,3,shape,shapes_output,oval_tall_xxlarge.png,oval_tall_xxlarge.png,oval_tilt315_large.png,left,18,4,3,0,1779661712.26433,1779661727.25432,0.764091730117798,1,11,1779661728.01841,2,1779661593.31784,0.975,1680,1050,/home/lewislab/Documents/stimuli/cycles/stimuli_varia/face_stim/trial_list_local.csv
17,2,4,4,shape,shapes_output,circle_large.png,square_small.png,circle_large.png,right,19,4,4,0,1779661712.26433,1779661733.25031,0.645666360855103,1,12,1779661733.89598,2,1779661593.31784,0.975,1680,1050,/home/lewislab/Documents/stimuli/cycles/stimuli_varia/face_stim/trial_list_local.csv
17,2,4,5,shape,shapes_output,pentagon_large.png,rect_tall_small.png,pentagon_large.png,right,20,4,5,0,1779661712.26433,1779661739.24631,0.678729772567749,1,12,1779661739.92504,2,1779661593.31784,0.975,1680,1050,/home/lewislab/Documents/stimuli/cycles/stimuli_varia/face_stim/trial_list_local.csv
17,2,5,1,fem_hap,stimuli_images/faces,RADIATE_COLOR_4/BF22/BF22_HE.bmp,RADIATE_COLOR_4/BF22/BF22_HE.bmp,RADIATE_COLOR_7/HF10/HF10_HE.bmp,left,21,5,1,1,1779661745.24231,1779661748.2403,1.12678694725037,1,11,1779661749.36709,6,1779661593.31784,0.975,1680,1050,/home/lewislab/Documents/stimuli/cycles/stimuli_varia/face_stim/trial_list_local.csv
17,2,5,2,fem_hap,stimuli_images/faces,CFD/BF-010/CFD-BF-010-003-HO_cropped.jpg,CFD/BF-040/CFD-BF-040-043-HO_cropped.jpg,CFD/BF-010/CFD-BF-010-003-HO_cropped.jpg,right,22,5,2,1,1779661745.24231,1779661758.23363,0.705240249633789,1,12,1779661758.93887,6,1779661593.31784,0.975,1680,1050,/home/lewislab/Documents/stimuli/cycles/stimuli_varia/face_stim/trial_list_local.csv
17,2,5,3,fem_hap,stimuli_images/faces,RADIATE_COLOR_3/BF03/BF03_HO.bmp,RADIATE_COLOR_4/BF19/BF19_HO.bmp,RADIATE_COLOR_3/BF03/BF03_HO.bmp,right,23,5,3,1,1779661745.24231,1779661768.22696,1.03344941139221,1,12,1779661769.26041,4,1779661593.31784,0.975,1680,1050,/home/lewislab/Documents/stimuli/cycles/stimuli_varia/face_stim/trial_list_local.csv
17,2,5,4,fem_hap,stimuli_images/faces,RADIATE_COLOR_4/BF14/BF14_HC.bmp,RADIATE_COLOR_4/BF14/BF14_HC.bmp,RADIATE_COLOR_1/AF11/AF11_HC.bmp,left,24,5,4,1,1779661745.24231,1779661776.22163,1.09980297088623,1,11,1779661777.32144,2,1779661593.31784,0.975,1680,1050,/home/lewislab/Documents/stimuli/cycles/stimuli_varia/face_stim/trial_list_local.csv
17,2,5,5,fem_hap,stimuli_images/faces,CFD/WF-005/CFD-WF-005-016-HC_cropped.jpg,CFD/WF-003/CFD-WF-003-007-HC_cropped.jpg,CFD/WF-005/CFD-WF-005-016-HC_cropped.jpg,right,25,5,5,1,1779661745.24231,1779661782.21762,0.962525367736816,1,12,1779661783.18014,2,1779661593.31784,0.975,1680,1050,/home/lewislab/Documents/stimuli/cycles/stimuli_varia/face_stim/trial_list_local.csv
17,2,6,1,shape,shapes_output,chevron_right_xxlarge.png,rhombus_large.png,chevron_right_xxlarge.png,right,26,6,1,0,1779661788.21361,1779661791.21161,0.742822885513306,1,12,1779661791.95443,2,1779661593.31784,0.975,1680,1050,/home/lewislab/Documents/stimuli/cycles/stimuli_varia/face_stim/trial_list_local.csv
17,2,6,2,shape,shapes_output,circle_xxlarge.png,circle_xxlarge.png,oval_tall_xxlarge.png,left,27,6,2,0,1779661788.21361,1779661797.20761,0.817682266235352,1,11,1779661798.02529,2,1779661593.31784,0.975,1680,1050,/home/lewislab/Documents/stimuli/cycles/stimuli_varia/face_stim/trial_list_local.csv
17,2,6,3,shape,shapes_output,oval_tilt315_small.png,oval_tilt315_small.png,square_large.png,left,28,6,3,0,1779661788.21361,1779661803.2036,0.715810298919678,1,11,1779661803.91941,2,1779661593.31784,0.975,1680,1050,/home/lewislab/Documents/stimuli/cycles/stimuli_varia/face_stim/trial_list_local.csv
17,2,6,4,shape,shapes_output,semicircle_small.png,triangle_wide_large.png,semicircle_small.png,right,29,6,4,0,1779661788.21361,1779661809.1996,0.747503757476807,1,12,1779661809.9471,2,1779661593.31784,0.975,1680,1050,/home/lewislab/Documents/stimuli/cycles/stimuli_varia/face_stim/trial_list_local.csv
17,2,6,5,shape,shapes_output,trapezoid_large.png,parallelogram_large.png,trapezoid_large.png,right,30,6,5,0,1779661788.21361,1779661815.1956,1.1675763130188,1,12,1779661816.36317,2,1779661593.31784,0.975,1680,1050,/home/lewislab/Documents/stimuli/cycles/stimuli_varia/face_stim/trial_list_local.csv
17,2,7,1,mal_hap,stimuli_images/faces,CFD/BM-002/CFD-BM-002-011-HC_cropped.jpg,CFD/BM-029/CFD-BM-029-026-HC_cropped.jpg,CFD/BM-002/CFD-BM-002-011-HC_cropped.jpg,right,31,7,1,1,1779661821.19159,1779661824.18959,1.00721621513367,1,12,1779661825.19681,6,1779661593.31784,0.975,1680,1050,/home/lewislab/Documents/stimuli/cycles/stimuli_varia/face_stim/trial_list_local.csv
17,2,7,2,mal_hap,stimuli_images/faces,RADIATE_COLOR_10/WM08/WM08_HC.bmp,RADIATE_COLOR_6/BM17/BM17_HC.bmp,RADIATE_COLOR_10/WM08/WM08_HC.bmp,right,32,7,2,1,1779661821.19159,1779661834.18292,1.54996538162231,1,12,1779661835.73288,4,1779661593.31784,0.975,1680,1050,/home/lewislab/Documents/stimuli/cycles/stimuli_varia/face_stim/trial_list_local.csv
17,2,7,3,mal_hap,stimuli_images/faces,RADIATE_COLOR_5/BM01/BM01_HE.bmp,RADIATE_COLOR_5/BM01/BM01_HE.bmp,RADIATE_COLOR_2/AM02/AM02_HE.bmp,left,33,7,3,1,1779661821.19159,1779661842.17758,1.16421723365784,1,11,1779661843.34179,2,1779661593.31784,0.975,1680,1050,/home/lewislab/Documents/stimuli/cycles/stimuli_varia/face_stim/trial_list_local.csv
17,2,7,4,mal_hap,stimuli_images/faces,RADIATE_COLOR_5/BM12/BM12_HO.bmp,RADIATE_COLOR_5/BM12/BM12_HO.bmp,RADIATE_COLOR_10/WM12/WM12_HO.bmp,left,34,7,4,1,1779661821.19159,1779661848.17357,1.50227379798889,1,11,1779661849.67585,6,1779661593.31784,0.975,1680,1050,/home/lewislab/Documents/stimuli/cycles/stimuli_varia/face_stim/trial_list_local.csv
17,2,7,5,mal_hap,stimuli_images/faces,CFD/WM-010/CFD-WM-010-004-HO_cropped.jpg,CFD/BM-010/CFD-BM-010-004-HO_cropped.jpg,CFD/WM-010/CFD-WM-010-004-HO_cropped.jpg,right,35,7,5,1,1779661821.19159,1779661858.1669,1.29560089111328,1,12,1779661859.4625,2,1779661593.31784,0.975,1680,1050,/home/lewislab/Documents/stimuli/cycles/stimuli_varia/face_stim/trial_list_local.csv
17,2,8,1,shape,shapes_output,pentagon_small.png,pentagon_small.png,circle_xxlarge.png,left,36,8,1,0,1779661864.1629,1779661867.1609,0.621691942214966,1,11,1779661867.78259,2,1779661593.31784,0.975,1680,1050,/home/lewislab/Documents/stimuli/cycles/stimuli_varia/face_stim/trial_list_local.csv
17,2,8,2,shape,shapes_output,heptagon_large.png,heptagon_large.png,circle_large.png,left,37,8,2,0,1779661864.1629,1779661873.15689,1.0251452922821,1,11,1779661874.18204,2,1779661593.31784,0.975,1680,1050,/home/lewislab/Documents/stimuli/cycles/stimuli_varia/face_stim/trial_list_local.csv
17,2,8,3,shape,shapes_output,semicircle_xxlarge.png,semicircle_xxlarge.png,right_triangle_small.png,left,38,8,3,0,1779661864.1629,1779661879.15289,0.701679706573486,1,11,1779661879.85457,2,1779661593.31784,0.975,1680,1050,/home/lewislab/Documents/stimuli/cycles/stimuli_varia/face_stim/trial_list_local.csv
17,2,8,4,shape,shapes_output,heptagon_small.png,pentagon_large.png,heptagon_small.png,right,39,8,4,0,1779661864.1629,1779661885.14888,0.687384605407715,1,12,1779661885.83627,2,1779661593.31784,0.975,1680,1050,/home/lewislab/Documents/stimuli/cycles/stimuli_varia/face_stim/trial_list_local.csv
17,2,8,5,shape,shapes_output,arrow_right_xxlarge.png,rect_tall_xxlarge.png,arrow_right_xxlarge.png,right,40,8,5,0,1779661864.1629,1779661891.14488,0.633912086486816,1,12,1779661891.77879,2,1779661593.31784,0.975,1680,1050,/home/lewislab/Documents/stimuli/cycles/stimuli_varia/face_stim/trial_list_local.csv
